{
    "cities": [
        {
            "city": " Kraków",
            "state": "",
            "country": "Poland",
            "eventcount": 0
        },
        {
            "city": " New York",
            "state": "NY",
            "country": "United States",
            "eventcount": 0
        },
        {
            "city": "A Coruña",
            "state": "Galicia",
            "country": "Spain",
            "eventcount": 0
        },
        {
            "city": "Aarhus N",
            "state": "",
            "country": "Denmark",
            "eventcount": 0
        },
        {
            "city": "Abidjan",
            "state": "Lagunes",
            "country": "Ivory Coast",
            "eventcount": 0
        },
        {
            "city": "Addison",
            "state": "",
            "country": "United States",
            "eventcount": 0
        },
        {
            "city": "Adelaide",
            "state": "South Australia",
            "country": "Australia",
            "eventcount": 0
        },
        {
            "city": "Agra",
            "state": "Uttar Pradesh",
            "country": "India",
            "eventcount": 1
        },
        {
            "city": "Albacete",
            "state": "Castilla la Mancha",
            "country": "Spain",
            "eventcount": 0
        },
        {
            "city": "Albany",
            "state": "NY",
            "country": "United States",
            "eventcount": 1
        },
        {
            "city": "Albuquerque",
            "state": "NM",
            "country": "United States",
            "eventcount": 2
        },
        {
            "city": "Algiers",
            "state": "Alger",
            "country": "Algeria",
            "eventcount": 0
        },
        {
            "city": "Alicante",
            "state": "Comunidad Valenciana",
            "country": "Spain",
            "eventcount": 0
        },
        {
            "city": "Amman",
            "state": "",
            "country": "Jordan",
            "eventcount": 0
        },
        {
            "city": "Amsterdam",
            "state": "NH",
            "country": "Netherlands",
            "eventcount": 1
        },
        {
            "city": "Anaheim",
            "state": "CA",
            "country": "United States",
            "eventcount": 0
        },
        {
            "city": "Ann Arbor",
            "state": "MI",
            "country": "United States",
            "eventcount": 1
        },
        {
            "city": "Antwerpen",
            "state": "Antwerpen",
            "country": "Belgium",
            "eventcount": 0
        },
        {
            "city": "Anywhere",
            "state": "in the",
            "country": "World",
            "eventcount": 0
        },
        {
            "city": "Arlington",
            "state": "VA",
            "country": "United States",
            "eventcount": 5
        },
        {
            "city": "Asheville",
            "state": "NC",
            "country": "United States",
            "eventcount": 1
        },
        {
            "city": "Atene",
            "state": "Attica",
            "country": "Greece",
            "eventcount": 0
        },
        {
            "city": "Athens",
            "state": "OH",
            "country": "United States",
            "eventcount": 3
        },
        {
            "city": "Atlanta",
            "state": "",
            "country": "United States",
            "eventcount": 10
        },
        {
            "city": "Auckland",
            "state": "Auckland",
            "country": "New Zealand",
            "eventcount": 0
        },
        {
            "city": "Austin",
            "state": "TX",
            "country": "United States",
            "eventcount": 19
        },
        {
            "city": "Bacolod City",
            "state": "Western Visayas",
            "country": "Philippines",
            "eventcount": 1
        },
        {
            "city": "Bagaggiolo",
            "state": "Veneto",
            "country": "Italy",
            "eventcount": 0
        },
        {
            "city": "Baltimore",
            "state": "MD",
            "country": "United States",
            "eventcount": 5
        },
        {
            "city": "Bandar Seri Begawan",
            "state": "Bandar Seri Begawan",
            "country": "Brunei Darussalam",
            "eventcount": 0
        },
        {
            "city": "Bandung",
            "state": "Jawa Barat",
            "country": "Indonesia",
            "eventcount": 1
        },
        {
            "city": "Bangalore",
            "state": "560001 Karnataka",
            "country": "India",
            "eventcount": 2
        },
        {
            "city": "Banja Luka",
            "state": "",
            "country": "Bosnia and Herzegovina",
            "eventcount": 0
        },
        {
            "city": "Barcelona",
            "state": "Catalonia",
            "country": "Spain",
            "eventcount": 3
        },
        {
            "city": "Barnsley",
            "state": "Barnsley",
            "country": "United Kingdom",
            "eventcount": 0
        },
        {
            "city": "Bath",
            "state": "",
            "country": "United Kingdom",
            "eventcount": 1
        },
        {
            "city": "Beijing",
            "state": "",
            "country": "China",
            "eventcount": 0
        },
        {
            "city": "Belfast",
            "state": "Belfast",
            "country": "United Kingdom",
            "eventcount": 4
        },
        {
            "city": "Bellevue",
            "state": "WA",
            "country": "United States",
            "eventcount": 1
        },
        {
            "city": "Bengaluru",
            "state": "Karnataka",
            "country": "India",
            "eventcount": 0
        },
        {
            "city": "Bergen",
            "state": "Hordaland",
            "country": "Norway",
            "eventcount": 0
        },
        {
            "city": "Berkeley",
            "state": "CA",
            "country": "United States",
            "eventcount": 4
        },
        {
            "city": "Berlin",
            "state": "Berlin",
            "country": "Germany",
            "eventcount": 14
        },
        {
            "city": "Bern",
            "state": "",
            "country": "Switzerland",
            "eventcount": 1
        },
        {
            "city": "Bethlehem",
            "state": "PA",
            "country": "United States",
            "eventcount": 1
        },
        {
            "city": "Bhopal",
            "state": "Madhya Pradesh",
            "country": "India",
            "eventcount": 0
        },
        {
            "city": "Bilbao",
            "state": "Pais Vasco",
            "country": "Spain",
            "eventcount": 0
        },
        {
            "city": "Binghamton",
            "state": "NY",
            "country": "United States",
            "eventcount": 0
        },
        {
            "city": "Birmingham",
            "state": "West Mids",
            "country": "United Kingdom",
            "eventcount": 1
        },
        {
            "city": "Blacksburg",
            "state": "VA",
            "country": "United States",
            "eventcount": 1
        },
        {
            "city": "Bloomington",
            "state": "IN",
            "country": "United States",
            "eventcount": 2
        },
        {
            "city": "Boca Raton",
            "state": "FL",
            "country": "United States",
            "eventcount": 0
        },
        {
            "city": "Bogota",
            "state": "",
            "country": "Colombia",
            "eventcount": 0
        },
        {
            "city": "Bogotá",
            "state": "Cundinamarca",
            "country": "Colombia",
            "eventcount": 0
        },
        {
            "city": "Boise",
            "state": "ID",
            "country": "United States",
            "eventcount": 1
        },
        {
            "city": "Boston",
            "state": "MA",
            "country": "United States",
            "eventcount": 10
        },
        {
            "city": "Boulder",
            "state": "CO",
            "country": "United States",
            "eventcount": 2
        },
        {
            "city": "Braga",
            "state": "Braga",
            "country": "Portugal",
            "eventcount": 0
        },
        {
            "city": "Bratislava",
            "state": "Bratislava",
            "country": "Slovakia",
            "eventcount": 0
        },
        {
            "city": "Brescia",
            "state": "Lombardia",
            "country": "Italy",
            "eventcount": 0
        },
        {
            "city": "Bristol",
            "state": "Bristol, City Of",
            "country": "United Kingdom",
            "eventcount": 0
        },
        {
            "city": "Brooklyn",
            "state": "NY",
            "country": "United States",
            "eventcount": 2
        },
        {
            "city": "Bucharest",
            "state": "Bucuresti",
            "country": "Romania",
            "eventcount": 7
        },
        {
            "city": "Buckinghamshire",
            "state": "",
            "country": "United Kingdom",
            "eventcount": 0
        },
        {
            "city": "Bucuresti",
            "state": "Bucuresti",
            "country": "Romania",
            "eventcount": 0
        },
        {
            "city": "Budapest",
            "state": "Budapest",
            "country": "Hungary",
            "eventcount": 2
        },
        {
            "city": "Buenos Aires",
            "state": "Distrito Federal",
            "country": "Argentina",
            "eventcount": 2
        },
        {
            "city": "Burbank",
            "state": "CA",
            "country": "United States",
            "eventcount": 0
        },
        {
            "city": "Burnaby",
            "state": "British Columbia",
            "country": "Canada",
            "eventcount": 0
        },
        {
            "city": "Calgary",
            "state": "Alberta",
            "country": "Canada",
            "eventcount": 1
        },
        {
            "city": "Cambridge",
            "state": "MA",
            "country": "United States",
            "eventcount": 21
        },
        {
            "city": "Campinas",
            "state": "Sao Paulo",
            "country": "Brazil",
            "eventcount": 0
        },
        {
            "city": "Cannes ",
            "state": null,
            "country": "France",
            "eventcount": 0
        },
        {
            "city": "Cape Town",
            "state": "Western Cape",
            "country": "South Africa",
            "eventcount": 2
        },
        {
            "city": "Caracas",
            "state": "Distrito Federal",
            "country": "Venezuela",
            "eventcount": 0
        },
        {
            "city": "Casablanca",
            "state": "Grand Casablanca",
            "country": "Morocco",
            "eventcount": 2
        },
        {
            "city": "Casablanca Ma",
            "state": "",
            "country": "Morocco",
            "eventcount": 0
        },
        {
            "city": "Castelfranco Veneto",
            "state": "Veneto",
            "country": "Italy",
            "eventcount": 0
        },
        {
            "city": "Castro Valley",
            "state": "CA",
            "country": "United States",
            "eventcount": 0
        },
        {
            "city": "Cordoba",
            "state": "Cordoba",
            "country": "Argentina",
            "eventcount": 2
        },
        {
            "city": "Cebu",
            "state": "",
            "country": "Philippines",
            "eventcount": 0
        },
        {
            "city": "Cebu City",
            "state": "Central Visayas",
            "country": "Philippines",
            "eventcount": 0
        },
        {
            "city": "Chandigarh",
            "state": "Chandigarh",
            "country": "India",
            "eventcount": 0
        },
        {
            "city": "Chandler",
            "state": "AZ",
            "country": "United States",
            "eventcount": 0
        },
        {
            "city": "Chapel Hill",
            "state": "NC",
            "country": "United States",
            "eventcount": 1
        },
        {
            "city": "Charlotte",
            "state": "NC",
            "country": "United States",
            "eventcount": 1
        },
        {
            "city": "Charlottesville",
            "state": "VA",
            "country": "United States",
            "eventcount": 2
        },
        {
            "city": "Chattanooga",
            "state": "TN",
            "country": "United States",
            "eventcount": 2
        },
        {
            "city": "Chennai",
            "state": "TN",
            "country": "India",
            "eventcount": 1
        },
        {
            "city": "Chevy Chase",
            "state": "MD",
            "country": "United States",
            "eventcount": 4
        },
        {
            "city": "Chicago",
            "state": "IL",
            "country": "United States",
            "eventcount": 17
        },
        {
            "city": "Christchurch",
            "state": "Christchurch",
            "country": "New Zealand",
            "eventcount": 0
        },
        {
            "city": "Cluj-Napoca",
            "state": "",
            "country": "Romania",
            "eventcount": 0
        },
        {
            "city": "Colorado Springs",
            "state": "CO",
            "country": "United States",
            "eventcount": 0
        },
        {
            "city": "Columbia",
            "state": "MO",
            "country": "United States",
            "eventcount": 1
        },
        {
            "city": "Columbus",
            "state": "OH",
            "country": "United States",
            "eventcount": 2
        },
        {
            "city": "Constantine",
            "state": "Constantine",
            "country": "Algeria",
            "eventcount": 1
        },
        {
            "city": "Copenhagen",
            "state": "Staden Kobenhavn",
            "country": "Denmark",
            "eventcount": 2
        },
        {
            "city": "Cotonou",
            "state": "Littoral",
            "country": "Benin",
            "eventcount": 0
        },
        {
            "city": "Coventry",
            "state": "Coventry",
            "country": "United Kingdom",
            "eventcount": 0
        },
        {
            "city": "Cuttack",
            "state": "Orissa",
            "country": "India",
            "eventcount": 0
        },
        {
            "city": "Dakar",
            "state": "Dakar",
            "country": "Senegal",
            "eventcount": 1
        },
        {
            "city": "Dallas",
            "state": "TX",
            "country": "United States",
            "eventcount": 4
        },
        {
            "city": "Dar es Salaam",
            "state": "Dar es Salaam",
            "country": "Tanzania",
            "eventcount": 0
        },
        {
            "city": "Davao",
            "state": "Davao City",
            "country": "Philippines",
            "eventcount": 0
        },
        {
            "city": "Davao City",
            "state": "Davao City",
            "country": "Philippines",
            "eventcount": 0
        },
        {
            "city": "Dayton",
            "state": "OH",
            "country": "United States",
            "eventcount": 0
        },
        {
            "city": "Delft",
            "state": "Zuid Holland",
            "country": "Netherlands",
            "eventcount": 0
        },
        {
            "city": "Denton",
            "state": "TX",
            "country": "United States",
            "eventcount": 0
        },
        {
            "city": "Denver",
            "state": "CO",
            "country": "United States",
            "eventcount": 6
        },
        {
            "city": "Des Moines",
            "state": "Iowa",
            "country": "United States",
            "eventcount": 0
        },
        {
            "city": "Detroit",
            "state": "MI",
            "country": "United States",
            "eventcount": 2
        },
        {
            "city": "Didcot",
            "state": "England",
            "country": "United Kingdom",
            "eventcount": 0
        },
        {
            "city": "Dorchester",
            "state": "MA",
            "country": "United States",
            "eventcount": 0
        },
        {
            "city": "Douala",
            "state": "Littoral",
            "country": "Cameroon",
            "eventcount": 0
        },
        {
            "city": "Dublin",
            "state": "",
            "country": "Ireland",
            "eventcount": 1
        },
        {
            "city": "Dublin 9",
            "state": "",
            "country": "Ireland",
            "eventcount": 0
        },
        {
            "city": "Durham",
            "state": "NC",
            "country": "United States",
            "eventcount": 1
        },
        {
            "city": "East Lansing",
            "state": "MI",
            "country": "United States",
            "eventcount": 0
        },
        {
            "city": "Ecublens",
            "state": "Vaud",
            "country": "Switzerland",
            "eventcount": 0
        },
        {
            "city": "Edmonton",
            "state": "AB",
            "country": "Canada",
            "eventcount": 2
        },
        {
            "city": "El Ghazala",
            "state": "",
            "country": "Tunisia",
            "eventcount": 0
        },
        {
            "city": "El Puerto De Santa María",
            "state": "Andalucia",
            "country": "Spain",
            "eventcount": 0
        },
        {
            "city": "Elko",
            "state": "NV",
            "country": "United States",
            "eventcount": 0
        },
        {
            "city": "Enschede",
            "state": "Overijssel",
            "country": "Netherlands",
            "eventcount": 0
        },
        {
            "city": "Erlanger",
            "state": "KY",
            "country": "United States",
            "eventcount": 0
        },
        {
            "city": "Espinardo",
            "state": "Murcia",
            "country": "Spain",
            "eventcount": 0
        },
        {
            "city": "Espoo",
            "state": "Uusimaa",
            "country": "Finland",
            "eventcount": 2
        },
        {
            "city": "Etterbeek",
            "state": "Brussel",
            "country": "Belgium",
            "eventcount": 0
        },
        {
            "city": "Eugene",
            "state": "OR",
            "country": "United States",
            "eventcount": 0
        },
        {
            "city": "Evanston",
            "state": "IL",
            "country": "United States",
            "eventcount": 0
        },
        {
            "city": "Evansville",
            "state": "IN",
            "country": "United States",
            "eventcount": 0
        },
        {
            "city": "Francestown",
            "state": "NH",
            "country": "United States",
            "eventcount": 0
        },
        {
            "city": "Frankfurt",
            "state": "Hessen",
            "country": "Germany",
            "eventcount": 0
        },
        {
            "city": "Fredericton",
            "state": "New Brunswick",
            "country": "Canada",
            "eventcount": 0
        },
        {
            "city": "Frederiksberg",
            "state": "16",
            "country": "Denmark",
            "eventcount": 1
        },
        {
            "city": "Gainesville",
            "state": "FL",
            "country": "United States",
            "eventcount": 1
        },
        {
            "city": "Galway",
            "state": "Galway",
            "country": "Ireland",
            "eventcount": 0
        },
        {
            "city": "Gatineau",
            "state": "Quebec",
            "country": "Canada",
            "eventcount": 1
        },
        {
            "city": "Gdansk",
            "state": "Pomorskie",
            "country": "Poland",
            "eventcount": 0
        },
        {
            "city": "Gdynia",
            "state": "Gdansk",
            "country": "Poland",
            "eventcount": 1
        },
        {
            "city": "Glendale",
            "state": "AZ",
            "country": "United States",
            "eventcount": 0
        },
        {
            "city": "Goleta",
            "state": "CA",
            "country": "United States",
            "eventcount": 0
        },
        {
            "city": "Grand Rapids",
            "state": "MI",
            "country": "United States",
            "eventcount": 0
        },
        {
            "city": "Guadalajara",
            "state": "",
            "country": "Mexico",
            "eventcount": 0
        },
        {
            "city": "Guatemala City",
            "state": "",
            "country": "Guatemala",
            "eventcount": 0
        },
        {
            "city": "Gurgaon",
            "state": "Haryana",
            "country": "India",
            "eventcount": 0
        },
        {
            "city": "Halifax",
            "state": "Nova Scotia",
            "country": "Canada",
            "eventcount": 1
        },
        {
            "city": "Hamilton",
            "state": "Ontario",
            "country": "Canada",
            "eventcount": 4
        },
        {
            "city": "Hanoi",
            "state": "Dac Lac",
            "country": "Vietnam",
            "eventcount": 0
        },
        {
            "city": "Hartford",
            "state": "CT",
            "country": "United States",
            "eventcount": 0
        },
        {
            "city": "Hellerup",
            "state": "",
            "country": "Denmark",
            "eventcount": 0
        },
        {
            "city": "Herzliya",
            "state": "Tel Aviv",
            "country": "Israel",
            "eventcount": 0
        },
        {
            "city": "Highland Heights",
            "state": "KY",
            "country": "United States",
            "eventcount": 0
        },
        {
            "city": "Ho Chi Minh City",
            "state": null,
            "country": "Vietnam",
            "eventcount": 1
        },
        {
            "city": "Hollywood",
            "state": "CA",
            "country": "United States",
            "eventcount": 0
        },
        {
            "city": "Hong Kong",
            "state": "",
            "country": "China",
            "eventcount": 0
        },
        {
            "city": "Honolulu",
            "state": "HI",
            "country": "United States",
            "eventcount": 3
        },
        {
            "city": "Houston",
            "state": "TX",
            "country": "United States",
            "eventcount": 5
        },
        {
            "city": "Indianapolis",
            "state": "IN",
            "country": "United States",
            "eventcount": 1
        },
        {
            "city": "Indooroopilly",
            "state": "Queensland",
            "country": "Australia",
            "eventcount": 0
        },
        {
            "city": "Iowa City",
            "state": "IA",
            "country": "United States",
            "eventcount": 0
        },
        {
            "city": "Irvine",
            "state": "CA",
            "country": "United States",
            "eventcount": 2
        },
        {
            "city": "Islamabad",
            "state": "Islamabad Capital Territory",
            "country": "Pakistan",
            "eventcount": 0
        },
        {
            "city": "Istanbul",
            "state": "Istanbul",
            "country": "Turkey",
            "eventcount": 2
        },
        {
            "city": "Ithaca",
            "state": "NY",
            "country": "United States",
            "eventcount": 2
        },
        {
            "city": "Jackson",
            "state": "MS",
            "country": "United States",
            "eventcount": 0
        },
        {
            "city": "Jacksonville",
            "state": "FL",
            "country": "United States",
            "eventcount": 3
        },
        {
            "city": "Jakarta",
            "state": "Jawa Barat",
            "country": "Indonesia",
            "eventcount": 3
        },
        {
            "city": "Jakarta Capital Region",
            "state": "Jakarta Capital Region",
            "country": "Indonesia",
            "eventcount": 0
        },
        {
            "city": "Jammu",
            "state": "Jammu And Kashmir",
            "country": "India",
            "eventcount": 0
        },
        {
            "city": "Johannesburg",
            "state": "Gauteng",
            "country": "South Africa",
            "eventcount": 0
        },
        {
            "city": "Kalamazoo",
            "state": "MI",
            "country": "United States",
            "eventcount": 2
        },
        {
            "city": "Kampala",
            "state": "Central Region",
            "country": "Uganda",
            "eventcount": 0
        },
        {
            "city": "Kanifing",
            "state": "Western",
            "country": "Gambia",
            "eventcount": 0
        },
        {
            "city": "Kansas City",
            "state": "MO",
            "country": "United States",
            "eventcount": 2
        },
        {
            "city": "Karachi",
            "state": "",
            "country": "Pakistan",
            "eventcount": 0
        },
        {
            "city": "Karkala",
            "state": "Karnataka",
            "country": "India",
            "eventcount": 0
        },
        {
            "city": "Katowice",
            "state": "Slaskie",
            "country": "Poland",
            "eventcount": 0
        },
        {
            "city": "København",
            "state": "Hovedstaden",
            "country": "Denmark",
            "eventcount": 1
        },
        {
            "city": "Kelowna",
            "state": "BC",
            "country": "United States",
            "eventcount": 0
        },
        {
            "city": "Kingston",
            "state": "Saint Andrew",
            "country": "Jamaica",
            "eventcount": 0
        },
        {
            "city": "Kirkland",
            "state": "WA",
            "country": "United States",
            "eventcount": 0
        },
        {
            "city": "Kitchener",
            "state": "Ontario",
            "country": "Canada",
            "eventcount": 0
        },
        {
            "city": "Kosice",
            "state": "Košice Region",
            "country": "Slovakia",
            "eventcount": 0
        },
        {
            "city": "Kraków",
            "state": "Malopolskie",
            "country": "Poland",
            "eventcount": 0
        },
        {
            "city": "Kuala Lumpur",
            "state": "Kuala Lumpur",
            "country": "Malaysia",
            "eventcount": 0
        },
        {
            "city": "Kungsholmen",
            "state": "Stockholm County",
            "country": "Sweden",
            "eventcount": 0
        },
        {
            "city": "Kuopio",
            "state": "Eastern Finland",
            "country": "Finland",
            "eventcount": 0
        },
        {
            "city": "La Plaine Saint Denis",
            "state": "Ile De France",
            "country": "France",
            "eventcount": 0
        },
        {
            "city": "La Plata",
            "state": "Buenos Aires",
            "country": "Argentina",
            "eventcount": 0
        },
        {
            "city": "Lacey",
            "state": "WA",
            "country": "United States",
            "eventcount": 0
        },
        {
            "city": "Lafayette",
            "state": "IN",
            "country": "United States",
            "eventcount": 1
        },
        {
            "city": "Lahore",
            "state": "Punjab",
            "country": "Pakistan",
            "eventcount": 1
        },
        {
            "city": "Lannion",
            "state": "Bretagne",
            "country": "France",
            "eventcount": 0
        },
        {
            "city": "Lansing",
            "state": "MI",
            "country": "United States",
            "eventcount": 0
        },
        {
            "city": "Las Palmas",
            "state": "",
            "country": "Spain",
            "eventcount": 0
        },
        {
            "city": "Las Vegas",
            "state": "NV",
            "country": "United States",
            "eventcount": 5
        },
        {
            "city": "Leicester",
            "state": "Leics",
            "country": "United Kingdom",
            "eventcount": 0
        },
        {
            "city": "Leuven",
            "state": "",
            "country": "Belgium",
            "eventcount": 2
        },
        {
            "city": "Lima",
            "state": "Lima",
            "country": "Peru",
            "eventcount": 3
        },
        {
            "city": "Limassol",
            "state": "Limassol",
            "country": "Cyprus",
            "eventcount": 0
        },
        {
            "city": "Lisboa",
            "state": "Lisboa",
            "country": "Portugal",
            "eventcount": 0
        },
        {
            "city": "Little Rock",
            "state": "AR",
            "country": "United States",
            "eventcount": 0
        },
        {
            "city": "Liverpool",
            "state": "Liverpool",
            "country": "United Kingdom",
            "eventcount": 1
        },
        {
            "city": "Ljubljana",
            "state": "Bohinj",
            "country": "Slovenia",
            "eventcount": 1
        },
        {
            "city": "Logroño",
            "state": "La Rioja",
            "country": "Spain",
            "eventcount": 0
        },
        {
            "city": "Lomas del Valle, 3a Sección Zapopan",
            "state": "Jalisco",
            "country": "Mexico",
            "eventcount": 0
        },
        {
            "city": "London",
            "state": "",
            "country": "United Kingdom",
            "eventcount": 40
        },
        {
            "city": "Long Beach",
            "state": "CA",
            "country": "United States",
            "eventcount": 0
        },
        {
            "city": "Longmont",
            "state": "CO",
            "country": "United States",
            "eventcount": 0
        },
        {
            "city": "Los Angeles",
            "state": "California",
            "country": "United States",
            "eventcount": 11
        },
        {
            "city": "Louisville",
            "state": "KY",
            "country": "United States",
            "eventcount": 2
        },
        {
            "city": "Lusaka",
            "state": "Lusaka",
            "country": "Zambia",
            "eventcount": 1
        },
        {
            "city": "Lyngby",
            "state": "Capital Region of Denmark",
            "country": "Denmark",
            "eventcount": 0
        },
        {
            "city": "Maastricht",
            "state": "Limburg",
            "country": "Netherlands",
            "eventcount": 0
        },
        {
            "city": "Madison",
            "state": "WI",
            "country": "United States",
            "eventcount": 0
        },
        {
            "city": "Madrid",
            "state": "",
            "country": "Spain",
            "eventcount": 4
        },
        {
            "city": "Madurai",
            "state": "Tamil Nadu",
            "country": "India",
            "eventcount": 0
        },
        {
            "city": "Makati City",
            "state": "NCR",
            "country": "Philippines",
            "eventcount": 1
        },
        {
            "city": "Manchester",
            "state": "NH",
            "country": "United States",
            "eventcount": 2
        },
        {
            "city": "Manila",
            "state": "Manila",
            "country": "Philippines",
            "eventcount": 1
        },
        {
            "city": "Manipal",
            "state": "Karnataka",
            "country": "India",
            "eventcount": 0
        },
        {
            "city": "Maribor",
            "state": "Brezovica",
            "country": "Slovenia",
            "eventcount": 0
        },
        {
            "city": "Mathura",
            "state": "Uttar Pradesh",
            "country": "India",
            "eventcount": 1
        },
        {
            "city": "München",
            "state": "Bayern",
            "country": "Germany",
            "eventcount": 0
        },
        {
            "city": "Münster",
            "state": "NRW",
            "country": "Germany",
            "eventcount": 0
        },
        {
            "city": "Mclean",
            "state": "",
            "country": "United States",
            "eventcount": 1
        },
        {
            "city": "Medellín",
            "state": "Antioquia",
            "country": "Colombia",
            "eventcount": 0
        },
        {
            "city": "Melbourne",
            "state": "",
            "country": "Australia",
            "eventcount": 1
        },
        {
            "city": "Meralco (Ortigas)",
            "state": "",
            "country": "Philippines",
            "eventcount": 0
        },
        {
            "city": "Meridian",
            "state": "ID",
            "country": "United States",
            "eventcount": 0
        },
        {
            "city": "Mesa",
            "state": "AZ",
            "country": "United States",
            "eventcount": 0
        },
        {
            "city": "Mexico City",
            "state": "",
            "country": "Mexico",
            "eventcount": 2
        },
        {
            "city": "Miami",
            "state": "FL",
            "country": "United States",
            "eventcount": 10
        },
        {
            "city": "Miami Springs",
            "state": "FL",
            "country": "United States",
            "eventcount": 1
        },
        {
            "city": "Milwaukee",
            "state": "WI",
            "country": "United States",
            "eventcount": 2
        },
        {
            "city": "Minneapolis",
            "state": "MN",
            "country": "United States",
            "eventcount": 1
        },
        {
            "city": "Minsk",
            "state": "",
            "country": "Belarus",
            "eventcount": 0
        },
        {
            "city": "Mississauga",
            "state": "ON",
            "country": "Canada",
            "eventcount": 0
        },
        {
            "city": "Mont-Saint-Aignan",
            "state": "Haute-Normandie",
            "country": "France",
            "eventcount": 0
        },
        {
            "city": "Monterrey",
            "state": "Nuevo Leon",
            "country": "Mexico",
            "eventcount": 1
        },
        {
            "city": "Montreal",
            "state": "Quebec",
            "country": "Canada",
            "eventcount": 17
        },
        {
            "city": "Moscow",
            "state": "Moscow City",
            "country": "Russia",
            "eventcount": 0
        },
        {
            "city": null,
            "state": "",
            "country": "Spain",
            "eventcount": 0
        },
        {
            "city": "Mountain View",
            "state": "CA",
            "country": "United States",
            "eventcount": 6
        },
        {
            "city": "Mumbai",
            "state": "MH",
            "country": "India",
            "eventcount": 0
        },
        {
            "city": "Munich",
            "state": "BY",
            "country": "Germany",
            "eventcount": 0
        },
        {
            "city": "Mylavaram",
            "state": "Andhra Pradesh",
            "country": "India",
            "eventcount": 0
        },
        {
            "city": "Nairobi",
            "state": "Nairobi Area",
            "country": "Kenya",
            "eventcount": 6
        },
        {
            "city": "Nantes",
            "state": "Pays De La Loire",
            "country": "France",
            "eventcount": 3
        },
        {
            "city": "Neelampur",
            "state": "TN",
            "country": "India",
            "eventcount": 0
        },
        {
            "city": "Neillsville",
            "state": "WI",
            "country": "United States",
            "eventcount": 0
        },
        {
            "city": "Neuchatel",
            "state": "NE",
            "country": "Switzerland",
            "eventcount": 0
        },
        {
            "city": "Nevada City",
            "state": "CA",
            "country": "United States",
            "eventcount": 2
        },
        {
            "city": "New Brunswick",
            "state": "NJ",
            "country": "United States",
            "eventcount": 0
        },
        {
            "city": "New Delhi",
            "state": "DL",
            "country": "India",
            "eventcount": 0
        },
        {
            "city": "New Haven",
            "state": "CT",
            "country": "United States",
            "eventcount": 0
        },
        {
            "city": "New Orleans",
            "state": "LA",
            "country": "United States",
            "eventcount": 0
        },
        {
            "city": "New York",
            "state": "NY",
            "country": "United States",
            "eventcount": 67
        },
        {
            "city": "Newcastle Upon Tyne",
            "state": "",
            "country": "United Kingdom",
            "eventcount": 0
        },
        {
            "city": "Nicosia",
            "state": "Nicosia",
            "country": "Cyprus",
            "eventcount": 0
        },
        {
            "city": "Noáin",
            "state": "Navarra",
            "country": "Spain",
            "eventcount": 0
        },
        {
            "city": "Noida",
            "state": "",
            "country": "India",
            "eventcount": 0
        },
        {
            "city": "Norfolk",
            "state": "VA",
            "country": "United States",
            "eventcount": 1
        },
        {
            "city": "Norra Djurgården",
            "state": "Stockholm",
            "country": "Sweden",
            "eventcount": 0
        },
        {
            "city": "North Ryde",
            "state": "Sydney",
            "country": "Australia",
            "eventcount": 0
        },
        {
            "city": "Nyeri",
            "state": "Central",
            "country": "Kenya",
            "eventcount": 0
        },
        {
            "city": "Oakland",
            "state": "CA",
            "country": "United States",
            "eventcount": 1
        },
        {
            "city": "Odon",
            "state": "IN",
            "country": "United States",
            "eventcount": 0
        },
        {
            "city": "Ogden",
            "state": "UT",
            "country": "United States",
            "eventcount": 0
        },
        {
            "city": "Olsztyn",
            "state": "Warminsko Mazurskie",
            "country": "Poland",
            "eventcount": 0
        },
        {
            "city": "Omaha",
            "state": "NE",
            "country": "United States",
            "eventcount": 0
        },
        {
            "city": "Orange",
            "state": "CA",
            "country": "United States",
            "eventcount": 1
        },
        {
            "city": "Orlando",
            "state": "FL",
            "country": "United States",
            "eventcount": 1
        },
        {
            "city": "Oslo",
            "state": "Oslo",
            "country": "Norway",
            "eventcount": 2
        },
        {
            "city": "Osnabrück",
            "state": "NDS",
            "country": "Germany",
            "eventcount": 0
        },
        {
            "city": "Ottawa",
            "state": "ON",
            "country": "Canada",
            "eventcount": 0
        },
        {
            "city": "Oxford",
            "state": "OH",
            "country": "United States",
            "eventcount": 1
        },
        {
            "city": "Padova",
            "state": "Veneto",
            "country": "Italy",
            "eventcount": 0
        },
        {
            "city": "Palm Springs",
            "state": "CA",
            "country": "United States",
            "eventcount": 0
        },
        {
            "city": "Palma De Mallorca",
            "state": "Islas Baleares",
            "country": "Spain",
            "eventcount": 0
        },
        {
            "city": "Palo Alto",
            "state": "CA",
            "country": "United States",
            "eventcount": 10
        },
        {
            "city": "Paris",
            "state": "Ile De France",
            "country": "France",
            "eventcount": 9
        },
        {
            "city": "Pasadena",
            "state": "CA",
            "country": "United States",
            "eventcount": 1
        },
        {
            "city": "Pasay City",
            "state": "NCR",
            "country": "Philippines",
            "eventcount": 1
        },
        {
            "city": "Pasig City",
            "state": "",
            "country": "",
            "eventcount": 0
        },
        {
            "city": "Philadelphia",
            "state": "PA",
            "country": "United States",
            "eventcount": 6
        },
        {
            "city": "Pisa",
            "state": "Toscana",
            "country": "Italy",
            "eventcount": 0
        },
        {
            "city": "Piscataway",
            "state": "NJ",
            "country": "United States",
            "eventcount": 0
        },
        {
            "city": "Pittsburgh",
            "state": "PA",
            "country": "United States",
            "eventcount": 0
        },
        {
            "city": "Plano",
            "state": "TX",
            "country": "United States",
            "eventcount": 4
        },
        {
            "city": "Polanco",
            "state": "Distrito Federal",
            "country": "Mexico",
            "eventcount": 0
        },
        {
            "city": "Pollachi",
            "state": "Tamil Nadu",
            "country": "India",
            "eventcount": 0
        },
        {
            "city": "Portland",
            "state": "OR",
            "country": "United States",
            "eventcount": 13
        },
        {
            "city": "Povo",
            "state": "Trento",
            "country": "Italy",
            "eventcount": 0
        },
        {
            "city": "Powell",
            "state": "OH",
            "country": "United States",
            "eventcount": 2
        },
        {
            "city": "Poznan",
            "state": "Wielkopolskie",
            "country": "Poland",
            "eventcount": 1
        },
        {
            "city": "Prague",
            "state": "Hlavni Mesto Praha",
            "country": "Czech Republic",
            "eventcount": 0
        },
        {
            "city": "Praha",
            "state": "",
            "country": "Czech Republic",
            "eventcount": 0
        },
        {
            "city": "Preston",
            "state": "",
            "country": "United Kingdom",
            "eventcount": 0
        },
        {
            "city": "Princeton",
            "state": "NJ",
            "country": "United States",
            "eventcount": 2
        },
        {
            "city": "Providence",
            "state": "RI",
            "country": "United States",
            "eventcount": 3
        },
        {
            "city": "Provo",
            "state": "UT",
            "country": "United States",
            "eventcount": 2
        },
        {
            "city": "Pune",
            "state": "MH",
            "country": "India",
            "eventcount": 2
        },
        {
            "city": "Quebec",
            "state": "Quebec",
            "country": "Canada",
            "eventcount": 0
        },
        {
            "city": "Querétaro",
            "state": "Queretaro De Arteaga",
            "country": "Mexico",
            "eventcount": 0
        },
        {
            "city": "Ra'anana",
            "state": "Hamerkaz",
            "country": "Israel",
            "eventcount": 0
        },
        {
            "city": "Raipur",
            "state": "Chhattisgarh",
            "country": "India",
            "eventcount": 0
        },
        {
            "city": "Rajahmundry",
            "state": "Andhra Pradesh",
            "country": "India",
            "eventcount": 0
        },
        {
            "city": "Raleigh",
            "state": "NC",
            "country": "United States",
            "eventcount": 0
        },
        {
            "city": "Redmond",
            "state": "WA",
            "country": "United States",
            "eventcount": 0
        },
        {
            "city": "Redwood City",
            "state": "California",
            "country": "United States",
            "eventcount": 2
        },
        {
            "city": "Regina",
            "state": "Saskatchewan",
            "country": "Canada",
            "eventcount": 1
        },
        {
            "city": "Reno",
            "state": "NV",
            "country": "United States",
            "eventcount": 0
        },
        {
            "city": "Reykjavík",
            "state": "Gullbringusysla",
            "country": "Iceland",
            "eventcount": 0
        },
        {
            "city": "Richmond",
            "state": "Surrey",
            "country": "United Kingdom",
            "eventcount": 2
        },
        {
            "city": "Riga",
            "state": "Riga",
            "country": "Latvia",
            "eventcount": 0
        },
        {
            "city": "Rio de Janeiro",
            "state": "RJ",
            "country": "Brazil",
            "eventcount": 1
        },
        {
            "city": "Rishon Lezion",
            "state": "",
            "country": "Israel",
            "eventcount": 0
        },
        {
            "city": "Rochester",
            "state": "NY",
            "country": "United States",
            "eventcount": 2
        },
        {
            "city": "Roma",
            "state": null,
            "country": "Italy",
            "eventcount": 0
        },
        {
            "city": "Rome",
            "state": "Lazio",
            "country": "Italy",
            "eventcount": 1
        },
        {
            "city": "Root Längenbold",
            "state": "",
            "country": "",
            "eventcount": 0
        },
        {
            "city": "Rosario",
            "state": "Santa Fe",
            "country": "Argentina",
            "eventcount": 1
        },
        {
            "city": "Rouen",
            "state": "",
            "country": "France",
            "eventcount": 0
        },
        {
            "city": "Rzeszow",
            "state": "Podkarpackie",
            "country": "Poland",
            "eventcount": 0
        },
        {
            "city": "Sacramento",
            "state": "CA",
            "country": "United States",
            "eventcount": 2
        },
        {
            "city": "Saignelégier",
            "state": "Neuchatel",
            "country": "Switzerland",
            "eventcount": 0
        },
        {
            "city": "Saint Charles",
            "state": "IL",
            "country": "United States",
            "eventcount": 0
        },
        {
            "city": "Saint Louis",
            "state": "MO",
            "country": "United States",
            "eventcount": 1
        },
        {
            "city": "Salamanca",
            "state": "Castilla Y Leon",
            "country": "Spain",
            "eventcount": 0
        },
        {
            "city": "San Antonio",
            "state": "TX",
            "country": "United States",
            "eventcount": 1
        },
        {
            "city": "San Bernardino",
            "state": "CA",
            "country": "United States",
            "eventcount": 1
        },
        {
            "city": "San Diego",
            "state": "CA",
            "country": "United States",
            "eventcount": 6
        },
        {
            "city": "San Francisco",
            "state": "CA",
            "country": "United States",
            "eventcount": 67
        },
        {
            "city": "San Jose",
            "state": "CA",
            "country": "United States",
            "eventcount": 6
        },
        {
            "city": "San Luis",
            "state": "San Luis",
            "country": "Argentina",
            "eventcount": 0
        },
        {
            "city": "San Luis Obispo",
            "state": "CA",
            "country": "United States",
            "eventcount": 1
        },
        {
            "city": "Sandy",
            "state": "UT",
            "country": "United States",
            "eventcount": 1
        },
        {
            "city": "Santa Clara",
            "state": "CA",
            "country": "United States",
            "eventcount": 6
        },
        {
            "city": "Santa Clarita",
            "state": "CA",
            "country": "United States",
            "eventcount": 0
        },
        {
            "city": "Santa Cruz",
            "state": "CA",
            "country": "United States",
            "eventcount": 2
        },
        {
            "city": "Santa Cruz De Tenerife",
            "state": "Canarias",
            "country": "Spain",
            "eventcount": 0
        },
        {
            "city": "Santa Monica",
            "state": "CA",
            "country": "United States",
            "eventcount": 6
        },
        {
            "city": "Santander",
            "state": "Cantabria",
            "country": "Spain",
            "eventcount": 0
        },
        {
            "city": "Santiago",
            "state": "Region Metropolitana",
            "country": "Chile",
            "eventcount": 1
        },
        {
            "city": "Sao Paulo",
            "state": "São Paulo",
            "country": "Brazil",
            "eventcount": 1
        },
        {
            "city": "São Paulo",
            "state": "Sao Paulo",
            "country": "Brazil",
            "eventcount": 1
        },
        {
            "city": "Seattle",
            "state": "WA",
            "country": "United States",
            "eventcount": 18
        },
        {
            "city": "Seoul",
            "state": "Seoul T'ukpyolsi",
            "country": "Korea (South)",
            "eventcount": 1
        },
        {
            "city": "Sevilla",
            "state": "Andalucia",
            "country": "Spain",
            "eventcount": 1
        },
        {
            "city": "Sheffield",
            "state": "Sheffield",
            "country": "United Kingdom",
            "eventcount": 1
        },
        {
            "city": "Shreveport",
            "state": "LA",
            "country": "United States",
            "eventcount": 0
        },
        {
            "city": "Sinaloa",
            "state": "",
            "country": "Mexico",
            "eventcount": 0
        },
        {
            "city": "Singapore",
            "state": "Singapore",
            "country": "Singapore",
            "eventcount": 8
        },
        {
            "city": "Singapore City",
            "state": "Singapore City",
            "country": "Singapore",
            "eventcount": 0
        },
        {
            "city": "Skopje",
            "state": "Karpos",
            "country": "Macedonia",
            "eventcount": 0
        },
        {
            "city": "Sofia",
            "state": "Grad Sofiya",
            "country": "Bulgaria",
            "eventcount": 1
        },
        {
            "city": "Sonora",
            "state": "",
            "country": "Mexico",
            "eventcount": 0
        },
        {
            "city": "Sorocaba",
            "state": "",
            "country": "Brazil",
            "eventcount": 0
        },
        {
            "city": "Sousse",
            "state": "Susah",
            "country": "Tunisia",
            "eventcount": 0
        },
        {
            "city": "South Bend",
            "state": "IN",
            "country": "United States",
            "eventcount": 1
        },
        {
            "city": "Southampton",
            "state": null,
            "country": "United Kingdom ",
            "eventcount": 0
        },
        {
            "city": "Spokane",
            "state": "WA",
            "country": "United States",
            "eventcount": 2
        },
        {
            "city": "st gallen",
            "state": "",
            "country": "Switzerland",
            "eventcount": 0
        },
        {
            "city": "St. Catharines",
            "state": "Ontario",
            "country": "Canada",
            "eventcount": 0
        },
        {
            "city": "Stamford",
            "state": "CT",
            "country": "United States",
            "eventcount": 0
        },
        {
            "city": "Stanford",
            "state": "CA",
            "country": "United States",
            "eventcount": 3
        },
        {
            "city": "State College",
            "state": "PA",
            "country": "United States",
            "eventcount": 0
        },
        {
            "city": "Statesboro",
            "state": "GA",
            "country": "United States",
            "eventcount": 0
        },
        {
            "city": "Stockholm",
            "state": "Stockholms Lan",
            "country": "Sweden",
            "eventcount": 1
        },
        {
            "city": "Storrs",
            "state": "CT",
            "country": "United States",
            "eventcount": 1
        },
        {
            "city": "Sunnyvale",
            "state": "",
            "country": "United States",
            "eventcount": 3
        },
        {
            "city": "Surabaya",
            "state": "East Java",
            "country": "Indonesia",
            "eventcount": 0
        },
        {
            "city": "Sydney",
            "state": "New South Wales",
            "country": "Australia",
            "eventcount": 3
        },
        {
            "city": "Taguig",
            "state": "",
            "country": "Philippines",
            "eventcount": 0
        },
        {
            "city": "Tamale",
            "state": "",
            "country": "Ghana",
            "eventcount": 0
        },
        {
            "city": "Tamil Nadu",
            "state": "",
            "country": "India",
            "eventcount": 0
        },
        {
            "city": "Tampa",
            "state": "FL",
            "country": "United States",
            "eventcount": 3
        },
        {
            "city": "Tampere",
            "state": "Tampere",
            "country": "Finland",
            "eventcount": 0
        },
        {
            "city": "Tel Aviv",
            "state": "Tel Aviv",
            "country": "Israel",
            "eventcount": 0
        },
        {
            "city": "Tempe",
            "state": "AZ",
            "country": "United States",
            "eventcount": 0
        },
        {
            "city": "Thurles",
            "state": "Tipperary",
            "country": "Ireland",
            "eventcount": 0
        },
        {
            "city": "Tijuana",
            "state": "",
            "country": "Mexico",
            "eventcount": 1
        },
        {
            "city": "Tirana",
            "state": "",
            "country": "Albania",
            "eventcount": 0
        },
        {
            "city": "Toledo",
            "state": "OH",
            "country": "United States",
            "eventcount": 0
        },
        {
            "city": "Torino",
            "state": "Piemonte",
            "country": "Italy",
            "eventcount": 0
        },
        {
            "city": "Toronto",
            "state": "Ontario",
            "country": "Canada",
            "eventcount": 17
        },
        {
            "city": "Toulouse",
            "state": "Midi-Pyrénées",
            "country": "France",
            "eventcount": 0
        },
        {
            "city": "Trent",
            "state": "Trentino-Alto Adige/Südtirol",
            "country": "Italy",
            "eventcount": 0
        },
        {
            "city": "Trento",
            "state": "Trentino alto Adige",
            "country": "Italy",
            "eventcount": 1
        },
        {
            "city": "Trondhjem",
            "state": "",
            "country": "Norway",
            "eventcount": 0
        },
        {
            "city": "Tucson",
            "state": "AZ",
            "country": "United States",
            "eventcount": 1
        },
        {
            "city": "Tulsa",
            "state": "OK",
            "country": "United States",
            "eventcount": 0
        },
        {
            "city": "Twin Cities",
            "state": "Minnesota",
            "country": "United States",
            "eventcount": 0
        },
        {
            "city": "Ultimo",
            "state": "NSW",
            "country": "Australia",
            "eventcount": 0
        },
        {
            "city": "University of Wollongong",
            "state": "NSW",
            "country": "Australia",
            "eventcount": 1
        },
        {
            "city": "University Park",
            "state": "PA",
            "country": "United States",
            "eventcount": 0
        },
        {
            "city": "Uttar Pradesh",
            "state": "",
            "country": "India",
            "eventcount": 0
        },
        {
            "city": "Vadodara",
            "state": "Gujarat",
            "country": "India",
            "eventcount": 0
        },
        {
            "city": "Valencia",
            "state": "Comunidad Valenciana",
            "country": "Spain",
            "eventcount": 1
        },
        {
            "city": "Vancouver",
            "state": "British Columbia",
            "country": "Canada",
            "eventcount": 5
        },
        {
            "city": "Vejle",
            "state": "Syddanmark",
            "country": "Denmark",
            "eventcount": 0
        },
        {
            "city": "Vellore",
            "state": "Tamil Nadu",
            "country": "India",
            "eventcount": 0
        },
        {
            "city": "Venice",
            "state": "CA",
            "country": "United States",
            "eventcount": 0
        },
        {
            "city": "Verona",
            "state": "Verona",
            "country": "Italy",
            "eventcount": 0
        },
        {
            "city": "Victoria",
            "state": "BC",
            "country": "Canada",
            "eventcount": 0
        },
        {
            "city": "Vienna",
            "state": "Wien",
            "country": "Austria",
            "eventcount": 0
        },
        {
            "city": "Vilnius",
            "state": "Vilnius Region",
            "country": "Lithuania",
            "eventcount": 1
        },
        {
            "city": "Volos",
            "state": "",
            "country": "Greece",
            "eventcount": 0
        },
        {
            "city": "Wallisellen",
            "state": "ZH",
            "country": "Switzerland",
            "eventcount": 0
        },
        {
            "city": "Waltham",
            "state": "MA",
            "country": "United States",
            "eventcount": 0
        },
        {
            "city": "Warsaw",
            "state": "Mazowieckie",
            "country": "Poland",
            "eventcount": 0
        },
        {
            "city": "Warszawa",
            "state": "Warszawa",
            "country": "Poland",
            "eventcount": 1
        },
        {
            "city": "Washington",
            "state": "DC",
            "country": "United States",
            "eventcount": 11
        },
        {
            "city": "Waterloo",
            "state": "Ontario",
            "country": "Canada",
            "eventcount": 1
        },
        {
            "city": "West Valley City",
            "state": "UT",
            "country": "United States",
            "eventcount": 0
        },
        {
            "city": "Westchester County",
            "state": "NY",
            "country": "United States",
            "eventcount": 0
        },
        {
            "city": "Westminster",
            "state": "England",
            "country": "United Kingdom",
            "eventcount": 0
        },
        {
            "city": "Whitewater",
            "state": "WI",
            "country": "United States",
            "eventcount": 0
        },
        {
            "city": "Windsor",
            "state": "Ontario",
            "country": "Canada",
            "eventcount": 0
        },
        {
            "city": "Winnipeg",
            "state": "",
            "country": "Canada",
            "eventcount": 0
        },
        {
            "city": "Wroclaw",
            "state": "Dolnoslaskie",
            "country": "Poland",
            "eventcount": 0
        },
        {
            "city": "Zaragoza",
            "state": "Aragon",
            "country": "Spain",
            "eventcount": 0
        }
    ]
}